ID,Dairy,DIMd0,TRT,D0month,Season,Lact,Parity,CalvDif,Dyst,CalfInfo,RFM,BCS5,BCS5C,VLS,VLSC,Fevd0,Tempd0,Milkincrease5DIM,Milkincrease7DIM,Milkincrease9DIM,Daystocure,DIMcure,Cured
55,0,5,1,2,0,2,2,3.0,1,1,0,3.0,0,1,0,0,39.3,.,.,.,.,.,0
150,0,9,1,2,0,2,2,1.0,0,2,0,2.75,0,0,0,0,39.2,.,.,.,.,.,0
160,0,5,1,3,0,2,2,1.0,0,1,0,3.5,1,1,0,1,39.6,.,.,.,.,.,0
193,0,7,0,2,0,2,2,1.0,0,2,0,3.25,1,1,0,0,39.1,.,.,.,.,.,0
249,0,7,0,5,0,2,2,2.0,1,1,0,3.25,1,0,0,0,39.2,.,.,.,6.0,13.0,1
306,0,11,0,3,0,2,2,1.0,0,1,0,2.75,0,0,0,0,39.2,.,.,.,12.0,23.0,1
433,0,8,0,3,0,2,2,2.0,1,2,0,3.5,1,0,0,0,39.2,.,.,.,3.0,11.0,1
448,0,8,0,4,0,2,2,1.0,0,2,0,3.0,0,0,0,0,38.9,.,.,.,6.0,14.0,1
453,0,5,0,3,0,2,2,1.0,0,2,0,3.5,1,1,0,0,38.9,.,.,.,9.0,14.0,1
456,0,9,0,3,0,2,2,1.0,0,1,0,3.25,1,0,0,0,38.5,.,.,.,3.0,12.0,1
464,0,6,1,2,0,2,2,1.0,0,2,0,3.25,1,1,0,0,39.1,.,.,.,12.0,18.0,1
482,0,6,0,4,0,2,2,1.0,0,1,0,2.5,0,0,0,1,39.5,.,.,.,3.0,9.0,1
531,0,12,0,4,0,2,2,1.0,0,1,0,2.75,0,0,0,0,38.7,.,.,.,6.0,18.0,1
560,0,2,1,5,0,2,2,2.0,1,1,1,3.25,1,1,0,0,38.9,.,.,.,.,.,0
710,0,2,0,5,0,2,2,3.0,1,2,1,3.0,0,1,0,1,39.8,.,.,.,.,.,0
720,0,5,1,3,0,2,2,.,0,4,0,3.25,1,0,0,1,39.6,.,.,.,.,.,0
729,0,7,1,3,0,2,2,1.0,0,1,0,3.25,1,0,0,0,38.9,.,.,.,6.0,13.0,1
733,0,5,0,3,0,2,2,.,0,4,0,3.0,0,2,1,1,39.6,.,.,.,.,.,0
756,0,5,1,4,0,2,2,2.0,1,1,1,3.25,1,1,0,1,39.5,.,.,.,.,.,0
758,0,5,0,4,0,2,2,2.0,1,1,0,3.25,1,1,0,0,39.3,.,.,.,.,.,0
797,0,7,0,4,0,2,2,2.0,1,2,0,3.75,2,0,0,0,39.1,.,.,.,.,.,0
800,0,5,1,3,0,2,2,1.0,0,1,0,3.25,1,0,0,0,39.4,.,.,.,12.0,17.0,1
888,0,4,1,5,0,2,2,1.0,0,2,0,3.0,0,0,0,1,40.3,.,.,.,6.0,10.0,1
903,0,14,0,3,0,2,2,1.0,0,1,0,3.25,1,0,0,0,39.1,.,.,.,3.0,17.0,1
975,0,9,1,3,0,4,2,1.0,0,1,0,3.25,1,0,0,1,39.8,.,.,.,3.0,12.0,1
1019,0,16,1,2,0,3,2,1.0,0,1,1,3.0,0,0,0,0,39.1,.,.,.,9.0,25.0,1
1148,0,5,1,5,0,2,2,1.0,0,2,1,3.5,1,0,0,1,40.3,.,.,.,12.0,17.0,1
1397,0,8,1,3,0,2,2,1.0,0,2,0,3.5,1,0,0,0,38.6,.,.,.,12.0,20.0,1
1669,0,7,1,3,0,6,2,1.0,0,1,0,3.5,1,0,0,0,38.7,.,.,.,6.0,13.0,1
3238,0,2,0,6,1,4,2,2.0,1,1,0,3.5,1,0,0,1,40.2,.,.,.,.,.,0
4038,0,2,1,2,0,2,2,2.0,1,3,0,3.5,1,0,0,0,39.3,.,.,.,.,.,0
4385,0,8,0,5,0,2,2,2.0,1,1,0,2.75,0,0,0,0,39.0,.,.,.,.,.,0
4600,0,11,1,3,0,4,2,1.0,0,2,0,3.5,1,0,0,0,39.1,.,.,.,3.0,14.0,1
4893,0,5,0,5,0,4,2,2.0,1,1,0,3.5,1,0,0,1,39.6,.,.,.,3.0,8.0,1
5086,0,9,0,2,0,3,2,1.0,0,1,0,3.5,1,0,0,1,39.5,.,.,.,.,.,0
5234,0,5,1,5,0,4,2,1.0,0,1,0,3.75,2,0,0,1,40.1,.,.,.,3.0,8.0,1
5278,0,7,1,6,1,4,2,1.0,0,2,0,3.25,1,0,0,0,39.3,.,.,.,12.0,19.0,1
5369,0,6,1,2,0,5,2,2.0,1,1,0,2.75,0,0,0,0,38.9,.,.,.,9.0,15.0,1
6000,0,5,1,2,0,3,2,1.0,0,1,1,3.5,1,0,0,0,38.2,.,.,.,9.0,14.0,1
6031,0,10,0,5,0,2,2,1.0,0,1,0,3.25,1,2,1,0,38.8,.,.,.,9.0,19.0,1
6034,0,5,0,4,0,2,2,1.0,0,2,0,2.75,0,0,0,1,39.7,.,.,.,.,.,0
6037,0,5,0,2,0,4,2,1.0,0,1,0,3.5,1,0,0,0,38.9,.,.,.,6.0,11.0,1
6122,0,11,0,3,0,3,2,1.0,0,2,0,3.25,1,0,0,0,38.2,.,.,.,6.0,17.0,1
6236,0,11,1,4,0,3,2,1.0,0,2,0,3.5,1,0,0,1,39.6,.,.,.,3.0,14.0,1
7267,0,3,0,3,0,4,2,1.0,0,1,0,3.75,2,0,0,0,38.9,.,.,.,.,.,0
7344,0,9,0,3,0,4,2,1.0,0,1,0,3.25,1,0,0,0,39.4,.,.,.,3.0,12.0,1
8216,0,7,0,5,0,3,2,2.0,1,1,0,3.25,1,0,0,1,39.6,.,.,.,.,.,0
8234,0,5,0,2,0,3,2,1.0,0,1,0,3.75,2,0,0,0,38.9,.,.,.,6.0,11.0,1
8355,0,8,1,3,0,3,2,2.0,1,3,0,2.5,0,0,0,0,38.6,.,.,.,3.0,11.0,1
8369,0,14,0,5,0,3,2,1.0,0,1,0,3.5,1,0,0,1,39.9,.,.,.,.,.,0
8400,0,8,1,4,0,3,2,1.0,0,2,0,3.5,1,0,0,0,39.2,.,.,.,3.0,11.0,1
8514,0,10,0,3,0,3,2,1.0,0,2,0,3.75,2,0,0,0,39.4,.,.,.,.,.,0
8696,0,18,1,6,1,3,2,1.0,0,1,0,3.25,1,1,0,1,39.5,.,.,.,.,.,0
9137,0,3,0,5,0,3,2,1.0,0,1,0,3.75,2,0,0,0,38.9,.,.,.,3.0,6.0,1
9437,0,3,1,4,0,3,2,1.0,0,1,0,3.75,2,0,0,1,39.6,.,.,.,.,.,0
9758,0,8,0,6,1,4,2,1.0,0,1,0,3.75,2,0,0,1,39.5,.,.,.,.,.,0
10109,0,6,0,4,0,2,2,1.0,0,1,0,3.5,1,2,1,0,39.4,.,.,.,.,.,0
10110,0,5,0,5,0,2,2,1.0,0,2,0,3.5,1,0,0,1,40.4,.,.,.,.,.,0
10112,0,7,1,3,0,2,2,3.0,1,2,0,3.25,1,0,0,1,39.6,.,.,.,9.0,16.0,1
10134,0,9,0,6,1,2,2,2.0,1,1,0,3.0,0,1,0,1,39.5,.,.,.,6.0,15.0,1
10183,0,4,0,5,0,2,2,1.0,0,2,1,3.25,1,1,0,1,39.5,.,.,.,9.0,13.0,1
10185,0,15,1,6,1,2,2,1.0,0,2,0,3.25,1,2,1,0,39.0,.,.,.,6.0,21.0,1
10272,0,9,0,5,0,2,2,2.0,1,1,0,3.25,1,1,0,0,39.3,.,.,.,3.0,12.0,1
10429,0,4,0,6,1,2,2,2.0,1,1,0,3.5,1,0,0,1,39.8,.,.,.,3.0,7.0,1
8275,1,13,1,10,0,4,2,1.0,0,3,0,3.5,1,1,0,1,39.6,-2.7422,-2.4857,-0.9912,.,.,0
9188,1,4,1,10,0,1,1,2.0,1,1,0,3.5,1,1,0,1,39.6,1.8659,0.6992,0.6992,6.0,10.0,1
9313,1,6,0,11,0,1,1,3.0,1,2,1,3.75,2,2,1,0,39.3,0.9216,0.2491,-0.1627,12.0,18.0,1
9325,1,5,0,11,0,1,1,2.0,1,2,1,3.5,1,2,1,1,39.9,0.8490000000000001,1.2242,1.5224,6.0,11.0,1
9338,1,9,1,11,0,1,1,1.0,0,2,0,3.25,1,1,0,1,40.0,-1.589,0.8199,4.8389,6.0,15.0,1
9344,1,8,1,11,0,1,1,1.0,0,2,0,3.25,1,2,1,1,40.3,2.1066,1.6681,0.6134,9.0,17.0,1
9351,1,9,0,11,0,1,1,1.0,0,1,0,3.5,1,0,0,1,39.5,0.1271,1.7161,-0.7459,.,.,0
9355,1,8,1,11,0,1,1,1.0,0,1,0,3.25,1,0,0,1,39.6,7.5909,1.122,1.0242,.,.,0
9358,1,8,1,12,0,1,1,1.0,0,1,0,3.5,1,1,0,1,39.8,1.7836,3.1034,3.3527,6.0,14.0,1
9365,1,8,0,11,0,1,1,4.0,1,1,0,3.5,1,2,1,0,39.3,0.3087,0.6097,0.2671,.,.,0
9414,1,11,1,4,0,1,1,3.0,1,1,0,3.5,1,1,0,0,39.1,3.3732,3.3774,1.9567,.,.,0
9428,1,12,0,3,0,1,1,1.0,0,2,0,3.75,2,0,0,0,39.2,3.5684,2.4094,2.127,3.0,15.0,1
8079,2,5,0,5,0,3,2,2.0,1,1,0,3.5,1,0,0,0,38.7,.,.,-4.994,.,.,0
8088,2,7,0,5,0,2,2,4.0,1,2,0,3.25,1,2,1,0,39.0,0.3541,-0.0032,-0.1188,.,.,0
8095,2,6,1,1,0,1,1,3.0,1,2,0,3.5,1,2,1,1,39.6,0.8853,0.8853,0.8853,6.0,12.0,1
19451,2,5,0,5,0,11,2,1.0,0,1,0,3.25,1,1,0,1,40.5,4.6081,3.7179,2.7739,3.0,8.0,1
24653,2,9,0,6,1,6,2,1.0,0,2,0,4.0,2,0,0,1,39.8,3.1508,1.756,1.6768,9.0,18.0,1
24780,2,9,1,11,0,7,2,2.0,1,2,0,3.25,1,0,0,1,39.8,0.3541,0.4475,0.7446,3.0,12.0,1
24858,2,6,1,9,0,6,2,2.0,1,1,1,3.25,1,0,0,1,39.9,2.2142,2.1776,2.096,3.0,9.0,1
24874,2,10,1,1,0,7,2,1.0,0,2,1,3.5,1,0,0,1,39.8,5.4162,4.099,2.8072,9.0,19.0,1
25374,2,10,1,5,0,3,2,2.0,1,1,1,3.75,2,0,0,0,38.3,0.1453,-0.5172,-0.3397,6.0,16.0,1
26780,2,7,1,6,1,5,2,4.0,1,1,0,3.5,1,1,0,1,39.7,-0.5947,0.8967,0.9315,3.0,10.0,1
26868,2,7,1,6,1,5,2,3.0,1,2,0,3.75,2,0,0,1,39.8,3.3369,2.7613,2.9298,6.0,13.0,1
27438,2,9,0,3,0,6,2,3.0,1,1,1,3.75,2,0,0,1,39.8,3.3233,2.9867,3.1492,6.0,15.0,1
28085,2,7,0,8,1,5,2,3.0,1,2,1,3.25,1,0,0,1,39.7,1.3847,0.1894,0.1894,3.0,10.0,1
28132,2,9,0,6,1,5,2,1.0,0,1,0,4.0,2,0,0,0,39.0,0.9852,1.6019999999999999,1.5444,3.0,12.0,1
28313,2,7,0,5,0,6,2,1.0,0,2,1,3.5,1,0,0,0,38.4,-1.2608,0.5772,1.4180000000000001,6.0,13.0,1
28815,2,5,0,11,0,5,2,3.0,1,2,1,3.75,2,1,0,0,39.4,3.1054,2.6575,2.5023,9.0,14.0,1
28874,2,7,0,10,0,5,2,1.0,0,1,0,3.25,1,0,0,0,39.3,2.7149,1.002,0.5274,3.0,10.0,1
28985,2,6,0,10,0,5,2,1.0,0,2,1,3.25,1,0,0,1,39.5,0.7582,3.238,2.5795,3.0,9.0,1
29054,2,5,0,3,0,5,2,1.0,0,1,1,3.5,1,0,0,0,39.2,0.6674,0.5805,0.7287,12.0,17.0,1
29072,2,6,0,4,0,5,2,1.0,0,1,1,3.25,1,0,0,1,39.5,3.3051,1.1447,0.8316,.,.,0
29131,2,7,0,1,0,5,2,1.0,0,1,1,3.5,1,0,0,1,39.5,-1.5436,-0.7069,-0.3125,.,.,0
29258,2,5,0,5,0,5,2,3.0,1,1,0,3.25,1,0,0,0,39.2,2.615,0.9956,0.7937,6.0,11.0,1
29424,2,9,0,10,0,4,2,1.0,0,2,1,3.25,1,0,0,0,39.1,0.0,0.0,2.2019,3.0,12.0,1
29717,2,7,1,9,0,4,2,3.0,1,2,0,4.0,2,2,1,1,39.7,0.0,0.0,0.9713,6.0,13.0,1
29866,2,7,1,2,0,5,2,1.0,0,1,1,3.5,1,0,0,1,39.7,1.3030000000000002,3.2753,3.3034,3.0,10.0,1
30022,2,7,0,10,0,4,2,1.0,0,1,1,3.5,1,0,0,1,39.6,1.026,1.936,1.6261,.,.,0
30124,2,7,1,4,0,5,2,.,0,4,1,3.25,1,0,0,1,39.6,5.1665,.,.,6.0,13.0,1
30128,2,5,1,6,1,4,2,2.0,1,2,0,4.0,2,0,0,1,39.5,-1.1168,1.0572,0.6106,9.0,14.0,1
30328,2,4,1,5,0,4,2,3.0,1,2,1,3.5,1,0,0,0,39.0,3.0055,1.5708,0.9518,3.0,7.0,1
30448,2,9,1,5,0,5,2,1.0,0,1,0,3.5,1,0,0,1,39.6,0.7627,1.1528,0.8951,6.0,15.0,1
30537,2,7,0,9,0,4,2,2.0,1,1,0,3.75,2,0,0,0,39.3,0.0,1.4301,0.4041,3.0,10.0,1
30826,2,5,1,11,0,4,2,3.0,1,1,1,3.25,1,0,0,0,38.8,3.3687,1.3296,0.3776,3.0,8.0,1
30945,2,9,1,4,0,4,2,1.0,0,2,0,3.75,2,0,0,0,38.5,6.2425,3.6206,3.6206,3.0,12.0,1
31031,2,9,0,3,0,4,2,2.0,1,2,1,3.5,1,1,0,1,39.5,-8.172,5.3345,3.5827,6.0,15.0,1
31149,2,7,1,7,1,4,2,2.0,1,2,0,3.75,2,2,1,1,39.9,3.1417,2.2878,1.7252,6.0,13.0,1
31173,2,7,1,6,1,4,2,.,0,1,0,3.75,2,0,0,0,39.3,1.5209,0.7134,1.4339,9.0,16.0,1
31318,2,5,0,2,0,4,2,1.0,0,2,1,3.75,2,0,0,0,39.1,0.0,5.902,3.7546,12.0,17.0,1
31354,2,10,1,5,0,3,2,3.0,1,3,1,3.75,2,1,0,0,39.2,0.1725,0.9956,0.9004,6.0,16.0,1
31380,2,7,0,3,0,4,2,1.0,0,1,1,3.75,2,0,0,0,38.9,-2.5379,-3.1893,-2.1119,.,.,0
31449,2,5,0,6,1,4,2,1.0,0,1,0,3.75,2,0,0,1,40.3,4.4356,2.9656,6.2417,6.0,11.0,1
31514,2,9,1,4,0,4,2,2.0,1,1,1,4.0,2,0,0,0,39.2,-2.4198,-2.0998,-2.0657,9.0,18.0,1
31552,2,7,1,1,0,4,2,3.0,1,2,0,3.0,0,0,0,0,39.4,3.6229,2.3105,1.9258,.,.,0
31680,2,5,0,5,0,4,2,1.0,0,2,0,3.75,2,0,0,1,39.6,3.7364,1.8079,0.7453,.,.,0
31697,2,10,0,9,0,3,2,3.0,1,1,1,3.5,1,0,0,0,39.4,2.7512,0.3989,0.0885,.,.,0
31725,2,7,1,6,1,4,2,3.0,1,1,1,3.75,2,0,0,1,39.5,3.8999,4.0601,3.5382,6.0,13.0,1
31751,2,7,1,11,0,4,2,1.0,0,2,0,3.75,2,1,0,0,39.2,0.0045,0.3146,0.1854,9.0,16.0,1
32073,2,9,1,4,0,4,2,1.0,0,2,1,3.25,1,0,0,0,38.7,.,0.0,0.4767,3.0,12.0,1
32074,2,7,1,2,0,4,2,1.0,0,2,1,3.25,1,0,0,0,39.2,-2.0021,0.1962,0.6712,.,.,0
32157,2,5,1,9,0,3,2,1.0,0,1,1,3.5,1,0,0,1,40.2,-7.6272,-7.6272,0.72,3.0,8.0,1
32175,2,9,0,8,1,3,2,3.0,1,2,1,3.5,1,0,0,0,38.4,3.7682,0.6372,0.2966,3.0,12.0,1
32356,2,7,0,3,0,4,2,1.0,0,1,1,3.5,1,1,0,1,39.5,5.2074,2.9396,1.2508,3.0,10.0,1
32496,2,5,0,1,0,4,2,1.0,0,2,0,3.75,2,0,0,0,39.1,0.5902,1.8014,2.1255,3.0,8.0,1
32556,2,5,0,3,0,3,2,2.0,1,1,1,3.75,2,0,0,0,39.2,0.0,3.0418,3.0509,12.0,17.0,1
32617,2,9,0,11,0,3,2,2.0,1,1,1,3.5,1,1,0,1,40.3,5.3163,3.238,1.7948,3.0,12.0,1
32621,2,5,1,6,1,3,2,2.0,1,3,0,3.5,1,0,0,0,39.2,1.7252,0.0409,-0.501,3.0,8.0,1
32622,2,4,0,5,0,4,2,2.0,1,1,1,3.25,1,0,0,0,39.4,2.2791,0.8911,0.8911,.,.,0
32788,2,20,0,5,0,3,2,3.0,1,2,0,3.5,1,0,0,0,39.2,2.5424,3.8622,2.612,3.0,23.0,1
32822,2,7,0,6,1,3,2,1.0,0,1,1,4.0,2,2,1,1,39.6,2.1202,0.4556,1.0677,.,.,0
32888,2,7,1,2,0,4,2,1.0,0,1,1,3.5,1,0,0,0,38.4,1.0805,1.1674,1.1788,.,.,0
33102,2,9,1,6,1,4,2,1.0,0,1,1,3.75,2,0,0,0,38.9,4.2449,2.4159,2.0052,3.0,12.0,1
33263,2,9,0,1,0,3,2,1.0,0,2,1,3.5,1,0,0,0,38.8,4.4265,3.1196,3.2639,3.0,12.0,1
33299,2,7,1,5,0,4,2,.,0,4,0,3.5,1,0,0,1,39.7,2.6741,1.5014,2.1996,6.0,13.0,1
33506,2,5,1,10,0,3,2,1.0,0,1,1,3.25,1,0,0,1,39.5,0.0,3.0645,0.3178,9.0,14.0,1
33554,2,7,0,10,0,3,2,2.0,1,2,0,3.5,1,0,0,0,38.8,1.9658,1.6863,1.6863,3.0,10.0,1
33591,2,3,0,9,0,3,2,4.0,1,1,1,3.25,1,2,1,1,39.9,1.8886,1.1446,1.3532,.,.,0
33652,2,5,0,7,1,3,2,3.0,1,1,1,3.25,1,0,0,0,38.7,1.7524,0.8999,1.3166,3.0,8.0,1
33685,2,6,1,1,0,3,2,1.0,0,1,1,3.75,2,1,0,1,39.8,1.8024,1.5939,2.0067,12.0,18.0,1
33700,2,9,0,6,1,3,2,1.0,0,2,0,2.5,0,1,0,1,39.6,3.2007,1.2339,0.5289,3.0,12.0,1
33703,2,7,1,10,0,3,2,2.0,1,1,1,3.25,1,0,0,1,39.7,0.0,0.0,1.4886,9.0,16.0,1
33754,2,7,1,3,0,3,2,1.0,0,1,1,3.25,1,0,0,0,38.9,3.3505,3.0369,3.4065,3.0,10.0,1
33844,2,5,0,11,0,3,2,3.0,1,1,1,3.5,1,1,0,0,38.5,-0.3223,-0.8804,0.1975,3.0,8.0,1
33915,2,9,0,4,0,3,2,1.0,0,1,1,3.5,1,0,0,0,38.9,0.0,2.7013,-1.4982,3.0,12.0,1
33964,2,7,1,10,0,3,2,2.0,1,1,1,3.25,1,0,0,0,39.1,2.6014,2.7321,2.8905,3.0,10.0,1
34023,2,7,0,1,0,3,2,1.0,0,2,1,3.25,1,0,0,0,39.3,0.0136,1.7589,2.7548,.,.,0
34051,2,5,1,3,0,3,2,1.0,0,2,1,3.5,1,0,0,0,38.5,4.7216,4.2238,3.4398,3.0,8.0,1
34266,2,13,0,6,1,4,2,1.0,0,1,0,3.5,1,0,0,1,39.5,6.4014,0.9063,1.4397,.,.,0
34272,2,7,0,2,0,3,2,1.0,0,2,1,3.5,1,1,0,0,39.3,3.8181,2.5781,2.9669,3.0,10.0,1
34344,2,9,1,6,1,2,2,3.0,1,2,0,3.5,1,1,0,1,39.5,4.2177,2.6867,2.9858,3.0,12.0,1
34358,2,7,1,3,0,3,2,1.0,0,2,1,3.75,2,0,0,1,39.9,3.6048,2.5148,1.328,9.0,16.0,1
34445,2,7,1,10,0,3,2,1.0,0,2,0,4.0,2,0,0,1,39.9,3.0736,2.5132,2.2753,6.0,13.0,1
34509,2,7,0,11,0,3,2,1.0,0,1,1,3.0,0,0,0,0,39.2,-0.3995,1.0377,1.5338,9.0,16.0,1
34526,2,5,0,2,0,3,2,1.0,0,2,1,3.5,1,0,0,0,39.1,3.6138,1.4025,1.3045,.,.,0
34588,2,6,1,4,0,3,2,1.0,0,1,1,3.0,0,0,0,0,39.0,2.1383,2.2911,2.1043,9.0,15.0,1
34596,2,7,0,11,0,3,2,2.0,1,2,1,3.5,1,1,0,1,39.8,-5.9429,-2.1743,-0.1521,3.0,10.0,1
34631,2,10,0,5,0,3,2,3.0,1,1,0,3.75,2,0,0,1,39.5,7.2141,4.9632,2.5416,3.0,13.0,1
34649,2,5,0,3,0,3,2,3.0,1,1,1,3.5,1,0,0,0,39.1,3.178,1.7722,1.0427,.,.,0
34670,2,9,0,3,0,3,2,3.0,1,2,1,3.75,2,0,0,0,39.2,3.6275,2.2554,2.1217,.,.,0
34744,2,9,1,3,0,3,2,1.0,0,2,1,3.25,1,0,0,0,39.1,-0.5766,-0.3778,0.1067,6.0,15.0,1
34755,2,7,0,10,0,3,2,3.0,1,2,0,3.5,1,2,1,0,39.3,3.1871,2.1662,1.4218,6.0,13.0,1
34841,2,7,1,9,0,2,2,1.0,0,2,1,3.25,1,1,0,1,40.0,0.7718,0.4722,0.4449,6.0,13.0,1
34889,2,9,1,5,0,3,2,1.0,0,2,1,3.0,0,0,0,0,39.1,4.7352,3.9482,3.9922,3.0,12.0,1
34955,2,9,0,6,1,2,2,1.0,0,2,0,4.0,2,1,0,1,40.5,-0.5947,-0.1881,0.4555,.,.,0
35025,2,9,0,7,1,2,2,3.0,1,1,0,4.0,2,2,1,0,39.4,0.3587,1.4771,1.3673,3.0,12.0,1
35070,2,9,1,9,0,2,2,1.0,0,2,1,3.75,2,0,0,1,39.8,2.7603,2.0534,1.9263,3.0,12.0,1
35075,2,7,1,4,0,3,2,2.0,1,1,1,3.0,0,0,0,0,38.9,0.5766,1.1577,0.7953,12.0,19.0,1
35166,2,5,0,2,0,3,2,1.0,0,1,0,3.25,1,1,0,1,39.6,4.3363,3.5263,2.4612,.,.,0
35199,2,7,1,4,0,3,2,2.0,1,1,0,3.5,1,0,0,0,38.7,0.0772,-1.7057,-0.0114,6.0,13.0,1
35215,2,6,0,5,0,3,2,1.0,0,1,1,3.75,2,1,0,0,39.1,1.7479,-0.2886,-0.3637,.,.,0
35252,2,7,0,4,0,3,2,1.0,0,2,1,3.25,1,1,0,1,39.6,.,0.0,-0.9761,12.0,19.0,1
35278,2,4,0,5,0,3,2,1.0,0,2,0,3.5,1,1,0,1,40.0,0.109,0.3389,-0.2763,.,.,0
35285,2,9,1,5,0,3,2,2.0,1,1,1,3.5,1,0,0,1,39.6,0.8127,1.8598,2.5855,.,.,0
35379,2,7,1,2,0,3,2,1.0,0,2,1,3.75,2,1,0,0,39.0,-2.8103,-1.1869,0.165,6.0,13.0,1
35413,2,6,0,5,0,3,2,1.0,0,2,1,3.5,1,1,0,1,39.6,7.718,1.7842,2.209,12.0,18.0,1
35435,2,7,1,8,1,2,2,4.0,1,1,0,3.75,2,2,1,1,39.5,-1.7751,-0.2513,0.8051,3.0,10.0,1
35460,2,5,1,4,0,3,2,1.0,0,2,1,3.75,2,0,0,0,38.9,3.3097,2.0657,1.5413,.,.,0
35475,2,9,1,5,0,3,2,1.0,0,2,1,3.5,1,0,0,0,39.3,4.2721,2.056,2.4354,3.0,12.0,1
35512,2,7,0,5,0,2,2,2.0,1,2,1,3.5,1,2,1,1,39.5,6.1517,-0.4313,-0.0049,.,.,0
35540,2,9,0,8,1,2,2,3.0,1,2,0,3.5,1,0,0,0,39.2,0.6447,0.8302,0.8573,3.0,12.0,1
35545,2,5,1,10,0,2,2,1.0,0,2,0,3.5,1,1,0,1,39.5,2.329,2.2489,2.0491,3.0,8.0,1
35608,2,9,1,4,0,3,2,1.0,0,1,1,3.5,1,1,0,1,39.8,-0.2361,-1.1253,-0.3102,.,.,0
35655,2,7,1,5,0,3,2,1.0,0,1,1,3.25,1,1,0,0,39.4,3.5957,2.2911,1.729,.,.,0
35658,2,7,1,2,0,3,2,1.0,0,2,1,3.25,1,0,0,1,39.6,1.7661,-0.6778,-0.5387,9.0,16.0,1
35722,2,7,0,3,0,3,2,3.0,1,1,1,3.25,1,1,0,0,38.8,0.8490000000000001,1.208,0.4956,9.0,16.0,1
35803,2,7,0,4,0,3,2,4.0,1,1,1,3.5,1,0,0,1,39.5,.,0.0,0.45399999999999996,.,.,0
35807,2,7,0,4,0,3,2,1.0,0,2,1,3.5,1,0,0,1,39.8,0.5947,-1.0815,-0.5395,.,.,0
35826,2,6,0,1,0,3,2,1.0,0,1,1,3.0,0,1,0,0,39.2,2.8057,3.3369,2.3093,12.0,18.0,1
35829,2,10,0,5,0,3,2,1.0,0,1,0,3.5,1,0,0,0,39.0,1.7842,0.6761,0.8671,.,.,0
35831,2,9,1,4,0,3,2,1.0,0,1,1,3.5,1,0,0,0,39.1,3.3505,2.6462,2.1996,9.0,18.0,1
35922,2,9,0,7,1,2,2,1.0,0,2,1,3.5,1,1,0,1,40.7,-2.5878,-1.3348,-0.6278,3.0,12.0,1
35948,2,9,1,6,1,2,2,1.0,0,2,1,3.5,1,2,1,1,39.7,1.5981,0.2902,1.3764,3.0,12.0,1
35953,2,5,0,5,0,3,2,1.0,0,2,1,2.75,0,1,0,1,39.8,1.7343,1.0864,0.9178,12.0,17.0,1
35993,2,5,0,5,0,3,2,3.0,1,1,0,3.5,1,2,1,0,38.9,2.6377,1.0539,0.2172,.,.,0
36000,2,10,0,6,1,3,2,1.0,0,1,0,3.25,1,0,0,1,39.5,2.2291,3.5704,2.64,3.0,13.0,1
36113,2,9,0,3,0,3,2,1.0,0,2,1,3.0,0,1,0,0,38.7,7.1505,3.8168,2.3578,6.0,15.0,1
36114,2,10,1,6,1,2,2,3.0,1,1,1,3.25,1,1,0,1,39.6,-0.2679,-0.8788,-0.4699,9.0,19.0,1
36123,2,5,1,10,0,2,2,1.0,0,2,1,3.75,2,0,0,0,38.6,.,2.1792,2.3744,9.0,14.0,1
36130,2,8,0,6,1,2,2,2.0,1,2,1,3.5,1,0,0,1,39.5,.,.,.,9.0,17.0,1
36157,2,10,0,7,1,2,2,2.0,1,2,1,3.25,1,1,0,0,39.0,3.5217,2.2491,2.2491,6.0,16.0,1
36183,2,7,1,9,0,2,2,2.0,1,2,0,3.5,1,1,0,1,40.3,11.6224,11.6224,2.0346,3.0,10.0,1
36194,2,7,0,6,1,2,2,2.0,1,3,0,3.0,0,2,1,1,40.1,-1.0987,-2.2846,-1.0313,.,.,0
36214,2,6,0,4,0,3,2,1.0,0,2,1,3.5,1,0,0,1,39.7,-0.622,0.3,0.5206,.,.,0
36236,2,13,0,1,0,2,2,1.0,0,2,0,3.5,1,0,0,0,39.2,2.0929,2.2311,2.0362,3.0,16.0,1
36260,2,4,1,5,0,2,2,1.0,0,2,1,3.25,1,2,1,0,38.8,2.0975,1.8458,1.7711,6.0,10.0,1
36286,2,9,1,6,1,2,2,1.0,0,2,0,3.5,1,1,0,1,40.2,3.464,3.1229,2.379,6.0,15.0,1
36349,2,7,0,10,0,2,2,1.0,0,1,0,3.5,1,1,0,0,38.8,3.7773,4.0821,2.29,9.0,16.0,1
36443,2,7,1,8,1,2,2,1.0,0,2,1,3.25,1,1,0,1,39.7,2.1383,2.3040000000000003,1.6026,3.0,10.0,1
36473,2,3,1,5,0,2,2,1.0,0,3,0,2.75,0,2,1,0,39.3,1.0442,1.0442,1.0442,.,.,0
36508,2,21,0,5,0,4,2,2.0,1,3,0,3.5,1,0,0,0,39.2,0.0363,1.8679,1.3045,.,.,0
36537,2,9,1,5,0,2,2,1.0,0,1,1,3.75,2,1,0,0,38.5,2.0975,2.4678,1.8448,3.0,12.0,1
36580,2,7,1,4,0,3,2,1.0,0,1,0,2.75,0,0,0,0,38.9,1.5708,1.5708,1.5708,9.0,16.0,1
36587,2,7,1,4,0,2,2,2.0,1,1,1,3.75,2,0,0,1,39.8,1.9794,1.9068,1.4619,6.0,13.0,1
36607,2,9,0,5,0,2,2,1.0,0,1,1,4.0,2,0,0,0,39.1,1.1078,1.3798,1.1032,9.0,18.0,1
36629,2,6,0,8,1,2,2,3.0,1,1,1,3.5,1,2,1,0,38.7,4.1677,4.1677,4.1677,6.0,12.0,1
36648,2,5,0,9,0,2,2,1.0,0,1,1,3.0,0,0,0,1,40.3,-1.4664,-1.2718,-0.4757,.,.,0
36717,2,7,1,8,1,2,2,3.0,1,1,1,3.75,2,1,0,1,39.8,0.0045,1.3961,1.7782,3.0,10.0,1
36741,2,9,0,9,0,2,2,1.0,0,1,0,2.75,0,2,1,1,39.7,-0.1952,0.1508,0.3378,3.0,12.0,1
36746,2,9,0,9,0,2,2,1.0,0,1,1,3.5,1,1,0,1,39.9,1.4982,2.4107,0.9132,3.0,12.0,1
36765,2,7,1,11,0,2,2,3.0,1,1,1,3.5,1,0,0,1,39.9,-0.5448,0.0665,0.5153,3.0,10.0,1
36767,2,7,0,7,1,2,2,2.0,1,1,1,3.5,1,2,1,1,41.4,-3.8817,-0.4199,-0.0681,.,.,0
36843,2,7,0,7,1,2,2,1.0,0,1,1,3.25,1,1,0,0,38.8,-1.4437,-0.7232,0.7536,.,.,0
36986,2,7,1,8,1,2,2,1.0,0,1,0,3.75,2,1,0,1,40.0,3.8227,4.54,3.3725,3.0,10.0,1
36999,2,7,1,10,0,2,2,1.0,0,1,0,3.75,2,0,0,0,39.3,3.1371,2.6786,2.6786,3.0,10.0,1
37010,2,7,0,9,0,2,2,3.0,1,2,1,3.75,2,2,1,0,38.1,0.0,-3.1553,-1.9567,3.0,10.0,1
37124,2,5,0,11,0,2,2,1.0,0,1,0,3.25,1,0,0,0,38.8,0.9489,2.0527,1.5724,.,.,0
37213,2,7,1,8,1,2,2,3.0,1,2,1,3.5,1,1,0,1,41.4,-1.7025,-2.1565,-0.7953,.,.,0
37256,2,21,0,5,0,2,2,2.0,1,1,1,3.0,0,0,0,0,38.8,4.599,3.6888,3.5094,3.0,24.0,1
37259,2,8,1,11,0,2,2,1.0,0,1,1,3.5,1,2,1,1,39.7,3.8,2.8797,1.614,9.0,17.0,1
37360,2,7,0,8,1,2,2,1.0,0,1,1,3.5,1,0,0,0,38.1,2.8466,2.4532,1.6624,3.0,10.0,1
37385,2,9,1,9,0,2,2,1.0,0,1,1,3.25,1,0,0,1,39.9,2.7785,1.5955,1.6456,3.0,12.0,1
37389,2,9,1,10,0,2,2,1.0,0,2,0,3.25,1,1,0,0,39.1,-0.5085,0.6437,0.9481,6.0,15.0,1
37398,2,9,1,11,0,2,2,1.0,0,2,0,3.5,1,1,0,1,39.6,0.6855,1.5744,2.3222,3.0,12.0,1
37467,2,9,0,11,0,2,2,1.0,0,2,0,3.5,1,1,0,0,39.1,1.8387,2.7856,1.3083,6.0,15.0,1
37471,2,5,0,12,0,2,2,1.0,0,1,1,3.25,1,1,0,0,38.9,3.7682,3.2331,1.2023,9.0,14.0,1
37484,2,6,0,8,1,2,2,1.0,0,1,1,3.5,1,0,0,1,39.6,1.1305,0.2205,0.2205,3.0,9.0,1
37516,2,5,1,10,0,2,2,1.0,0,1,0,3.0,0,1,0,1,40.2,1.6117,1.0987,1.3696,9.0,14.0,1
37546,2,7,1,11,0,2,2,1.0,0,1,1,3.25,1,0,0,0,39.1,1.7978,2.7937,1.9764,9.0,16.0,1
37560,2,7,1,5,0,2,2,1.0,0,1,0,3.5,1,0,0,1,39.5,3.0645,3.0596,2.6393,6.0,13.0,1
37563,2,9,0,12,0,2,2,1.0,0,1,0,3.5,1,1,0,1,39.6,2.1701,2.7418,2.5182,.,.,0
37578,2,5,1,3,0,2,2,1.0,0,2,0,3.75,2,0,0,0,39.3,1.3756,2.6543,3.4269,9.0,14.0,1
37613,2,9,0,2,0,2,2,1.0,0,3,0,3.75,2,1,0,0,38.9,4.6989,3.298,2.2889,3.0,12.0,1
37642,2,7,1,1,0,2,2,1.0,0,1,1,3.0,0,1,0,0,39.2,1.6072,2.0025,1.7668,9.0,16.0,1
37799,2,6,0,4,0,2,2,1.0,0,2,1,3.75,2,0,0,1,39.9,2.6831,2.364,2.1830000000000003,.,.,0
37922,2,9,0,3,0,2,2,3.0,1,1,1,3.5,1,0,0,1,39.6,2.102,1.6182,1.4051,9.0,18.0,1
37939,2,6,0,8,1,1,1,1.0,0,2,0,3.5,1,2,1,1,40.2,-0.6084,-0.6388,0.8437,9.0,15.0,1
37954,2,9,0,10,0,1,1,1.0,0,1,0,3.75,2,1,0,1,39.9,.,.,-1.8159999999999998,3.0,12.0,1
38005,2,5,0,1,0,2,2,4.0,1,2,1,3.0,0,1,0,1,39.9,2.0203,2.8942,1.3764,.,.,0
38015,2,9,1,8,1,1,1,1.0,0,1,0,3.0,0,0,0,0,39.2,2.8738,1.8047,1.6397,3.0,12.0,1
38068,2,7,1,5,0,2,2,1.0,0,2,0,3.5,1,0,0,1,39.5,3.3142,2.9802,2.326,3.0,10.0,1
38109,2,7,1,4,0,2,2,1.0,0,2,1,2.75,0,0,0,1,39.8,.,-2.1792,0.9897,9.0,16.0,1
38137,2,9,0,3,0,2,2,1.0,0,2,0,3.5,1,0,0,0,38.6,6.524,3.6823,3.0085,6.0,15.0,1
38152,2,7,1,3,0,2,2,1.0,0,2,0,3.0,0,1,0,0,38.6,1.53,1.8776,2.4508,6.0,13.0,1
38173,2,6,1,3,0,2,2,1.0,0,1,1,3.5,1,1,0,0,39.1,2.6922,2.1322,2.0672,6.0,12.0,1
38195,2,7,0,9,0,1,1,1.0,0,2,1,3.75,2,2,1,1,40.2,-0.1362,1.5708,1.8225,12.0,19.0,1
38263,2,9,1,3,0,2,2,4.0,1,1,1,3.25,1,1,0,0,39.0,3.4459,2.5586,2.0823,6.0,15.0,1
38294,2,7,1,4,0,2,2,1.0,0,2,0,3.25,1,0,0,0,39.0,3.9316,2.4419,2.1103,3.0,10.0,1
38307,2,9,1,4,0,2,2,4.0,1,1,0,3.75,2,0,0,0,39.1,0.8853,0.8853,0.8853,6.0,15.0,1
38335,2,5,1,3,0,2,2,4.0,1,2,1,3.75,2,2,1,0,39.0,1.8705,1.889,-0.2051,.,.,0
38337,2,7,1,2,0,2,2,1.0,0,1,0,2.75,0,0,0,0,38.6,2.9465,1.7674,1.2894,9.0,16.0,1
38354,2,9,0,9,0,1,1,3.0,1,2,0,3.5,1,2,1,0,39.3,-3.2007,-1.5254,-0.7491,.,.,0
38374,2,9,1,1,0,2,2,1.0,0,1,1,3.5,1,1,0,0,39.4,.,0.0,1.3166,3.0,12.0,1
38376,2,5,1,2,0,2,2,1.0,0,1,1,3.25,1,2,1,0,38.9,1.1986,0.9258,1.0359,9.0,14.0,1
38385,2,7,0,3,0,2,2,1.0,0,2,1,3.25,1,0,0,1,40.1,2.6604,2.9818,2.6029,3.0,10.0,1
38404,2,9,1,4,0,2,2,1.0,0,2,1,3.25,1,0,0,1,39.6,0.0,0.0,2.9785,12.0,21.0,1
38409,2,9,1,6,1,1,1,1.0,0,1,0,3.75,2,2,1,1,39.6,1.3302,0.8009999999999999,0.0825,.,.,0
38432,2,7,1,5,0,2,2,1.0,0,2,0,3.0,0,0,0,1,40.1,0.9489,0.0146,0.4268,3.0,10.0,1
38445,2,9,0,5,0,2,2,2.0,1,1,0,3.75,2,0,0,0,39.2,6.0654,4.2611,2.7187,.,.,0
38460,2,9,1,4,0,2,2,1.0,0,2,0,3.5,1,1,0,0,39.0,2.9737,2.6932,2.1792,6.0,15.0,1
38467,2,9,0,5,0,1,1,3.0,1,1,0,3.75,2,2,1,0,39.1,0.5403,0.8513,1.2402,3.0,12.0,1
38510,2,9,0,5,0,1,1,1.0,0,1,1,3.75,2,2,1,0,39.0,2.1656,1.7155,1.5655,6.0,15.0,1
38517,2,19,1,5,0,2,2,1.0,0,2,1,3.5,1,1,0,0,39.3,.,.,.,.,.,0
38526,2,6,1,5,0,1,1,3.0,1,1,1,3.25,1,1,0,0,39.3,1.4982,0.7799,1.0351,9.0,15.0,1
38586,2,7,1,4,0,2,2,2.0,1,2,0,3.25,1,1,0,0,39.0,0.3541,-0.0697,-0.6765,12.0,19.0,1
38588,2,5,1,5,0,2,2,1.0,0,2,1,3.0,0,1,0,0,38.9,3.8363,1.8257,1.4104,12.0,17.0,1
38621,2,7,0,8,1,1,1,1.0,0,2,1,3.5,1,1,0,1,39.9,1.2167,1.3928,1.4377,9.0,16.0,1
38624,2,9,1,6,1,1,1,2.0,1,1,1,3.5,1,2,1,1,40.3,6.2788,2.7292,2.0997,.,.,0
38632,2,5,0,5,0,2,2,1.0,0,1,1,3.25,1,2,1,0,39.2,3.7364,2.4305,1.5292,9.0,14.0,1
38650,2,7,1,6,1,1,1,1.0,0,2,0,3.5,1,1,0,1,40.0,0.1453,0.0357,0.6447,6.0,13.0,1
38700,2,7,1,5,0,1,1,1.0,0,2,0,3.25,1,1,0,1,39.5,2.0884,2.2428,1.5598,6.0,13.0,1
38747,2,7,0,4,0,2,2,2.0,1,2,1,3.5,1,0,0,0,38.3,16.798,16.798,-0.22699999999999998,9.0,16.0,1
38778,2,10,0,7,1,1,1,2.0,1,2,0,3.5,1,1,0,0,39.2,3.1054,2.0527,1.0677,.,.,0
38797,2,5,1,5,0,2,2,1.0,0,2,0,3.25,1,1,0,1,41.0,0.8263,1.4317,1.2916,9.0,14.0,1
38799,2,7,1,6,1,1,1,1.0,0,1,1,3.75,2,1,0,1,39.6,1.9295,1.7069999999999999,-0.27399999999999997,9.0,16.0,1
38837,2,7,1,6,1,1,1,1.0,0,2,0,3.0,0,2,1,0,38.3,1.4346,-0.6194,-1.5724,.,.,0
38850,2,9,1,6,1,1,1,1.0,0,2,0,3.25,1,2,1,0,39.4,3.1825,2.1435,2.0105,3.0,12.0,1
38861,2,9,0,8,1,1,1,1.0,0,1,1,3.5,1,2,1,1,39.8,1.7842,1.328,0.9837,9.0,18.0,1
38871,2,14,1,9,0,1,1,1.0,0,3,1,3.25,1,0,0,0,39.1,-2.0112,-2.0112,-2.0112,3.0,17.0,1
38873,2,9,1,7,1,1,1,1.0,0,2,0,3.25,1,1,0,0,39.3,4.658,3.0142,1.6987,3.0,12.0,1
38882,2,7,1,5,0,1,1,4.0,1,2,1,3.0,0,2,1,0,38.5,1.8796,1.4414,1.3696,6.0,13.0,1
38889,2,7,0,7,1,1,1,1.0,0,1,1,3.25,1,2,1,0,39.1,2.7694,0.611,0.0308,6.0,13.0,1
38922,2,9,0,8,1,1,1,1.0,0,2,0,3.5,1,2,1,1,40.5,-0.1362,0.9421,0.9632,3.0,12.0,1
38988,2,10,0,8,1,1,1,1.0,0,2,0,3.5,1,2,1,1,40.0,3.9907,1.3049,0.4097,6.0,16.0,1
39009,2,9,1,6,1,2,2,1.0,0,2,0,3.5,1,1,0,1,39.5,1.194,2.2051,1.4793,3.0,12.0,1
39016,2,7,1,8,1,1,1,3.0,1,1,0,3.0,0,1,0,1,39.7,4.0361,2.9526,2.2042,6.0,13.0,1
39042,2,7,1,6,1,1,1,2.0,1,1,0,3.75,2,1,0,1,39.6,3.1235,3.0197,2.1695,3.0,10.0,1
39055,2,8,1,7,1,1,1,1.0,0,1,0,3.25,1,2,1,1,40.0,2.2745,0.8269,0.5637,3.0,11.0,1
39071,2,7,0,6,1,1,1,1.0,0,2,0,3.75,2,1,0,1,39.5,2.4198,2.3057,1.4679,.,.,0
39072,2,12,0,7,1,1,1,1.0,0,2,0,3.75,2,2,1,0,38.6,3.6456,2.6968,2.4813,3.0,15.0,1
39082,2,5,0,6,1,1,1,1.0,0,1,0,3.5,1,2,1,1,40.5,0.4858,0.6583,0.4298,9.0,14.0,1
39099,2,7,1,8,1,1,1,2.0,1,1,0,3.25,1,1,0,1,40.7,1.1305,1.4431,1.4952,3.0,10.0,1
39104,2,7,0,5,0,1,1,1.0,0,2,0,3.25,1,1,0,0,38.4,4.0406,2.7239999999999998,3.0301,6.0,13.0,1
39111,2,7,1,6,1,1,1,1.0,0,2,0,3.25,1,2,1,1,40.0,0.6855,1.4301,0.6871,12.0,19.0,1
39118,2,9,0,6,1,1,1,4.0,1,1,0,3.0,0,1,0,1,40.2,3.2325,2.2732,1.2054,3.0,12.0,1
39119,2,9,0,4,0,2,2,2.0,1,2,0,3.5,1,0,0,0,38.8,1.2076,1.1674,0.4252,3.0,12.0,1
39132,2,9,1,8,1,1,1,1.0,0,1,0,3.5,1,2,1,1,39.6,3.8363,2.4386,1.045,3.0,12.0,1
39133,2,7,1,6,1,1,1,2.0,1,2,0,3.0,0,2,1,1,39.5,1.8796,2.2214,1.4967,.,.,0
39136,2,9,0,7,1,1,1,3.0,1,1,0,3.5,1,1,0,1,39.5,2.2201,2.0884,2.0998,6.0,15.0,1
39142,2,7,0,6,1,1,1,1.0,0,2,0,3.75,2,2,1,0,39.4,4.9441,2.5586,1.3537,3.0,10.0,1
39146,2,9,1,9,0,1,1,3.0,1,1,0,3.5,1,2,1,1,40.4,3.9952,3.9952,3.9952,9.0,18.0,1
39148,2,7,0,6,1,1,1,1.0,0,1,0,3.0,0,2,1,1,40.4,1.2303,1.8212,0.7929,.,.,0
39151,2,7,0,6,1,1,1,4.0,1,1,0,3.25,1,2,1,0,39.1,2.379,1.4544,0.9927,6.0,13.0,1
39159,2,5,0,6,1,1,1,1.0,0,2,0,3.75,2,2,1,0,38.3,3.9907,-0.1119,1.331,3.0,8.0,1
39163,2,7,0,6,1,1,1,1.0,0,1,0,3.25,1,1,0,0,39.3,4.708,2.3413,2.2715,9.0,16.0,1
39165,2,5,1,5,0,2,2,1.0,0,1,0,3.0,0,0,0,0,39.1,-1.5436,-0.561,-0.1385,.,.,0
39170,2,7,0,6,1,1,1,4.0,1,2,0,3.25,1,1,0,0,38.8,1.0714,0.8821,1.3681,3.0,10.0,1
39198,2,5,0,3,0,1,1,4.0,1,2,1,4.0,2,2,1,0,39.0,2.5787,2.1662,1.642,.,.,0
39247,2,7,1,6,1,1,1,1.0,0,1,0,3.5,1,0,0,1,40.0,3.0418,2.0916,1.6609,6.0,13.0,1
39261,2,7,1,8,1,1,1,1.0,0,1,0,3.25,1,2,1,1,40.1,2.1338,1.722,1.5829,6.0,13.0,1
39281,2,5,0,7,1,1,1,2.0,1,3,0,3.25,1,2,1,1,40.5,6.6965,1.8886,0.5853,9.0,14.0,1
39303,2,7,1,10,0,1,1,3.0,1,1,1,3.75,2,1,0,1,39.9,.,0.0,2.3381,6.0,13.0,1
39307,2,9,1,2,0,1,1,1.0,0,2,0,3.5,1,1,0,0,38.7,5.4208,1.148,2.0689,3.0,12.0,1
39313,2,7,0,6,1,1,1,2.0,1,2,0,3.25,1,2,1,1,40.1,2.7104,1.4933,0.9814,.,.,0
39325,2,12,1,7,1,1,1,1.0,0,2,1,3.0,0,0,0,1,39.7,2.9646,2.3673,1.6942,3.0,15.0,1
39337,2,9,1,5,1,1,1,2.0,1,2,0,3.25,1,2,1,0,39.4,2.0294,0.728,0.821,3.0,12.0,1
39352,2,7,1,8,1,1,1,3.0,1,1,0,3.25,1,2,1,0,39.2,-0.2452,0.4929,0.6669,3.0,10.0,1
39360,2,9,0,5,0,1,1,2.0,1,1,0,3.5,1,0,0,1,39.7,-0.0227,0.3519,1.3068,6.0,15.0,1
39427,2,9,1,8,1,1,1,3.0,1,1,0,3.25,1,2,1,0,38.5,1.6208,2.1079,1.4104,3.0,12.0,1
39435,2,7,0,4,0,1,1,1.0,0,1,1,3.5,1,2,1,1,39.8,.,0.0,0.6129,6.0,13.0,1
39440,2,9,1,10,0,1,1,1.0,0,2,1,3.75,2,1,0,1,39.5,2.3018,1.0390000000000001,1.3425,3.0,12.0,1
39453,2,9,1,8,1,1,1,3.0,1,1,0,3.25,1,1,0,1,40.4,-0.3723,0.214,0.5055,6.0,15.0,1
39473,2,5,0,9,0,1,1,3.0,1,1,0,3.75,2,2,1,1,39.5,1.4982,2.3199,2.0203,.,.,0
39477,2,7,0,3,0,1,1,1.0,0,1,1,3.75,2,2,1,0,39.1,4.3856,2.9769,2.4168,9.0,16.0,1
39479,2,7,0,8,1,1,1,1.0,0,1,0,3.0,0,1,0,1,39.9,3.6456,2.2424,1.3476,6.0,13.0,1
39512,2,14,1,8,1,1,1,1.0,0,2,1,3.25,1,2,1,1,39.6,1.7207,1.0329,0.7067,.,.,0
39514,2,7,1,8,1,1,1,1.0,0,2,1,3.25,1,2,1,1,39.8,2.9555,2.6154,2.2072,3.0,10.0,1
39516,2,5,1,10,0,1,1,1.0,0,1,1,3.5,1,2,1,1,39.6,0.5357,2.436,0.6729,6.0,11.0,1
39526,2,5,1,3,0,1,1,1.0,0,1,1,3.5,1,1,0,1,40.4,0.4949,0.1816,1.2515,3.0,8.0,1
39534,2,9,1,12,0,1,1,4.0,1,2,0,3.25,1,1,0,0,39.2,0.9625,-1.1843,0.981,3.0,12.0,1
39555,2,11,0,11,0,1,1,1.0,0,2,0,3.75,2,1,0,1,39.6,3.2688,-0.5266,0.9583,3.0,14.0,1
39615,2,8,1,2,0,1,1,2.0,1,2,0,4.0,2,0,0,1,39.8,1.0669,1.8252,2.4393,6.0,14.0,1
39627,2,10,0,8,1,1,1,1.0,0,2,0,3.5,1,1,0,1,40.0,2.3926,1.2501,0.8974,3.0,13.0,1
39628,2,7,0,8,1,1,1,3.0,1,1,0,3.75,2,2,1,0,39.2,1.6208,0.3356,0.1347,3.0,10.0,1
39648,2,7,0,10,0,1,1,1.0,0,1,0,3.75,2,2,1,0,39.1,0.8626,1.3127,1.2085,3.0,10.0,1
39663,2,5,1,9,0,1,1,1.0,0,1,1,3.25,1,2,1,1,40.2,3.5684,1.9386,0.9149,12.0,17.0,1
39679,2,7,1,10,0,1,1,1.0,0,2,0,3.5,1,0,0,0,39.0,-0.7945,1.7096,2.8148,3.0,10.0,1
39684,2,7,1,1,0,1,1,3.0,1,1,0,3.5,1,1,0,1,39.8,-2.6332,-0.1362,-0.0272,.,.,0
39692,2,9,0,9,0,1,1,1.0,0,2,1,3.5,1,0,0,1,40.1,-1.1577,-0.2043,0.6421,3.0,12.0,1
39698,2,9,0,8,1,1,1,1.0,0,2,0,3.0,0,1,0,1,40.0,1.6117,1.1561,1.1865,6.0,15.0,1
39699,2,6,1,8,1,1,1,1.0,0,2,1,3.25,1,2,1,0,39.1,3.9226,1.9846,2.0339,6.0,12.0,1
39701,2,7,1,1,0,1,1,4.0,1,2,0,3.5,1,2,1,0,39.2,4.3584,4.5828,2.9937,6.0,13.0,1
39711,2,7,0,10,0,1,1,1.0,0,1,0,3.0,0,1,0,1,40.1,0.2452,0.3074,1.1274,3.0,10.0,1
39720,2,9,0,8,1,1,1,1.0,0,2,0,3.5,1,0,0,0,39.0,1.9295,-3.0463,-0.9339,3.0,12.0,1
39763,2,9,0,8,1,1,1,1.0,0,1,0,3.25,1,2,1,1,39.6,-2.7239999999999998,-1.1376,-0.3329,6.0,15.0,1
39778,2,7,0,8,1,1,1,1.0,0,2,0,3.5,1,0,0,1,40.0,1.0397,1.268,1.1479,6.0,13.0,1
39794,2,10,0,9,0,1,1,1.0,0,2,1,3.5,1,0,0,1,39.8,.,0.0,6.2198,3.0,13.0,1
39813,2,9,0,4,0,1,1,1.0,0,2,1,4.0,2,2,1,1,39.6,1.5209,2.0385,1.7657,3.0,12.0,1
39825,2,9,1,9,0,1,1,1.0,0,1,0,3.5,1,1,0,0,39.2,0.0,0.8626,0.9307,3.0,12.0,1
39864,2,8,0,10,0,1,1,1.0,0,2,0,3.5,1,1,0,1,39.8,2.3971,0.0337,0.2605,.,.,0
39883,2,9,0,8,1,1,1,1.0,0,1,1,3.5,1,1,0,1,40.5,3.6229,2.7953,1.7017,3.0,12.0,1
39892,2,12,1,11,0,1,1,1.0,0,2,0,3.25,1,2,1,0,39.2,0.6855,0.8315,0.6318,3.0,15.0,1
39897,2,9,1,12,0,1,1,1.0,0,2,0,3.5,1,1,0,0,39.1,-1.8342,0.8561,0.5507,3.0,12.0,1
39906,2,9,0,10,0,1,1,1.0,0,2,0,3.75,2,0,0,1,39.6,6.7419,3.464,1.9311,6.0,15.0,1
39912,2,9,1,9,0,1,1,1.0,0,2,1,3.25,1,2,1,1,39.8,.,.,-10.5782,9.0,18.0,1
39913,2,5,1,3,0,1,1,3.0,1,1,0,3.5,1,2,1,0,39.1,6.1245,3.1666,0.7173,.,.,0
39925,2,7,1,9,0,1,1,1.0,0,2,0,3.5,1,1,0,1,39.9,0.5902,0.5902,0.5902,6.0,13.0,1
39963,2,7,1,12,0,1,1,1.0,0,2,0,3.25,1,1,0,1,39.7,6.5829999999999975,2.5165,1.3983,9.0,16.0,1
39964,2,7,1,10,0,1,1,1.0,0,1,1,3.5,1,2,1,1,40.0,2.0248,0.8772,0.7438,.,.,0
39968,2,4,0,2,0,1,1,3.0,1,2,1,3.25,1,2,1,0,39.2,1.8977,1.2469,1.2954,.,.,0
39973,2,9,1,1,0,1,1,1.0,0,1,0,3.25,1,1,0,0,39.3,0.3133,0.9826,0.9826,6.0,15.0,1
39975,2,7,0,9,0,1,1,1.0,0,1,0,3.75,2,2,1,1,39.6,0.0545,0.4553,1.95,9.0,16.0,1
39993,2,6,0,9,0,1,1,1.0,0,2,0,3.25,1,1,0,1,39.9,-0.3178,-0.6862,-0.0632,6.0,12.0,1
39998,2,7,0,10,0,1,1,1.0,0,2,0,3.25,1,1,0,0,38.5,4.0724,1.0092,0.9053,3.0,10.0,1
40005,2,7,0,9,0,1,1,1.0,0,1,1,3.25,1,1,0,1,40.5,.,.,2.6786,3.0,10.0,1
40012,2,7,1,9,0,1,1,1.0,0,2,0,3.5,1,2,1,0,39.3,-0.7945,0.2361,0.2594,3.0,10.0,1
40029,2,9,1,9,0,1,1,3.0,1,1,0,3.25,1,2,1,1,39.8,0.8302,1.1434,1.0549,6.0,15.0,1
40036,2,9,1,2,0,1,1,1.0,0,3,0,3.25,1,2,1,0,39.4,2.5923,1.0675,0.7545,12.0,21.0,1
40039,2,6,0,4,0,1,1,3.0,1,1,1,3.5,1,1,0,0,39.1,-3.346,-1.9944,-1.4505,6.0,12.0,1
40051,2,7,0,3,0,1,1,1.0,0,1,0,3.5,1,1,0,1,39.7,3.7137,2.0414,1.3431,.,.,0
40066,2,9,1,9,0,1,1,1.0,0,2,1,3.5,1,0,0,0,39.4,3.5003,2.0663,1.1804,3.0,12.0,1
40071,2,9,0,11,0,1,1,2.0,1,1,0,3.5,1,2,1,0,39.1,-3.4731,-1.7161,-1.7036,9.0,18.0,1
40072,2,7,0,4,0,1,1,1.0,0,2,1,3.25,1,2,1,0,39.3,.,0.0,2.5424,.,.,0
40074,2,7,0,9,0,1,1,1.0,0,1,1,3.75,2,2,1,1,40.2,0.7264,-0.2708,-0.0144,6.0,13.0,1
40081,2,5,0,4,0,1,1,1.0,0,2,1,3.75,2,2,1,0,38.7,1.4937,0.6940000000000001,-0.9186,.,.,0
40092,2,7,0,9,0,1,1,1.0,0,1,0,3.25,1,1,0,1,39.6,4.6353,2.1896,2.1252,3.0,10.0,1
40096,2,5,1,12,0,1,1,2.0,1,1,0,3.5,1,2,1,1,39.5,0.3904,-0.7199,-0.1162,6.0,11.0,1
40111,2,5,0,10,0,1,1,1.0,0,2,0,3.25,1,2,1,1,39.6,0.7718,0.7718,0.7718,.,.,0
40120,2,7,1,9,0,1,1,3.0,1,1,0,3.25,1,2,1,1,39.6,-1.2939,-0.1082,0.5006,.,.,0
40155,2,9,0,9,0,1,1,1.0,0,1,0,3.5,1,2,1,1,40.3,0.0272,0.6674,0.3897,9.0,18.0,1
40162,2,7,1,9,0,1,1,1.0,0,1,0,3.5,1,0,0,0,39.2,3.8862,1.7939,0.7632,6.0,13.0,1
40173,2,7,1,10,0,1,1,1.0,0,2,0,3.0,0,1,0,1,40.1,-2.5469,-0.9236,-0.5578,9.0,16.0,1
40178,2,7,1,1,0,1,1,3.0,1,1,0,3.75,2,0,0,0,39.1,.,0.8172,2.8965,6.0,13.0,1
40198,2,7,0,10,0,1,1,3.0,1,2,1,3.5,1,2,1,1,39.8,-2.783,-1.3724,-1.0458,.,.,0
40222,2,9,0,10,0,1,1,1.0,0,1,1,3.25,1,1,0,0,39.4,2.7966,1.2534,0.9390000000000001,3.0,12.0,1
40223,2,7,0,11,0,1,1,2.0,1,2,1,3.25,1,2,1,1,39.8,-1.3938,0.3476,0.8799,3.0,10.0,1
40236,2,9,0,4,0,1,1,1.0,0,2,1,3.75,2,0,0,0,39.0,3.0418,2.2882,1.5036,6.0,15.0,1
40240,2,9,1,10,0,1,1,1.0,0,1,1,3.75,2,1,0,0,38.9,2.6968,3.4245,2.0786,6.0,15.0,1
40246,2,5,1,3,0,1,1,4.0,1,1,1,3.0,0,2,1,0,38.9,0.8127,1.2161,1.6654,.,.,0
40267,2,5,1,1,0,1,1,2.0,1,1,1,3.25,1,2,1,1,39.5,-1.1032,-1.1032,-1.1032,6.0,11.0,1
40274,2,9,1,11,0,1,1,1.0,0,1,0,3.5,1,1,0,1,39.6,2.9374,0.9093,0.9988,.,.,0
40279,2,9,1,12,0,1,1,1.0,0,2,1,3.25,1,1,0,0,39.1,1.1577,1.1032,1.2307,3.0,12.0,1
40291,2,9,0,11,0,1,1,1.0,0,1,0,3.75,2,1,0,0,39.2,2.951,2.5554,1.0583,3.0,12.0,1
40303,2,7,1,10,0,1,1,3.0,1,4,0,3.25,1,1,0,1,40.1,-0.0681,-0.2309,-0.6497,3.0,10.0,1
40323,2,7,1,1,0,1,1,4.0,1,1,0,3.5,1,0,0,1,39.8,2.9737,3.7864,2.7953,3.0,10.0,1
40420,2,7,0,3,0,1,1,1.0,0,1,1,3.5,1,1,0,1,39.6,-0.8444,-0.4751,-0.5282,.,.,0
40423,2,7,1,2,0,1,1,1.0,0,1,0,3.5,1,1,0,0,39.1,0.0973,0.2153,1.1464,6.0,13.0,1
40452,2,7,1,11,0,1,1,1.0,0,2,0,3.5,1,1,0,0,39.2,0.0454,1.4904,1.5344,9.0,16.0,1
40460,2,9,0,12,0,1,1,1.0,0,1,0,3.5,1,1,0,1,39.9,1.4709999999999999,-0.2935,0.9163,.,.,0
40467,2,7,1,2,0,1,1,1.0,0,2,1,3.5,1,1,0,0,39.2,8.172,5.6361,3.514,6.0,13.0,1
40482,2,9,0,2,0,1,1,1.0,0,1,0,3.75,2,1,0,1,39.5,2.6877,1.3085,0.3466,3.0,12.0,1
40511,2,5,1,1,0,1,1,1.0,0,1,1,3.5,1,2,1,0,39.2,0.0,1.8159999999999998,1.8159999999999998,.,.,0
40525,2,7,1,12,0,1,1,3.0,1,2,1,3.25,1,2,1,0,39.2,0.3223,-0.0558,-0.0416,.,.,0
40527,2,7,0,1,0,1,1,1.0,0,1,0,3.5,1,1,0,0,38.8,-5.0848,-2.5696,-1.8663,6.0,13.0,1
40563,2,9,1,2,0,1,1,1.0,0,1,0,3.25,1,0,0,0,39.1,-0.22699999999999998,-0.7681,-0.0941,6.0,15.0,1
40569,2,7,1,4,0,1,1,1.0,0,1,0,3.75,2,2,1,1,40.5,0.0,0.0,2.2051,.,.,0
40609,2,9,0,5,0,1,1,1.0,0,2,0,3.5,1,1,0,0,38.4,5.8657,2.6348,1.931,3.0,12.0,1
40621,2,9,1,5,0,1,1,4.0,1,1,0,3.25,1,1,0,1,39.9,4.1042,2.9721,1.5164,6.0,15.0,1
40628,2,9,0,12,0,1,1,3.0,1,1,0,3.5,1,2,1,0,39.3,-3.1054,-0.5124,1.1069,6.0,15.0,1
40636,2,7,0,2,0,1,1,1.0,0,1,1,3.5,1,0,0,0,39.1,1.7479,2.3169999999999997,2.1444,9.0,16.0,1
40668,2,7,1,11,0,1,1,1.0,0,2,1,3.5,1,1,0,1,39.7,0.5857,0.467,-0.2367,.,.,0
40692,2,5,1,11,0,1,1,1.0,0,2,0,3.0,0,1,0,0,38.9,2.6741,3.1624,4.2081,.,.,0
40710,2,7,0,2,0,1,1,1.0,0,2,0,3.25,1,1,0,0,38.9,1.6389,1.7479,1.2848,3.0,10.0,1
40720,2,5,1,5,0,1,1,1.0,0,4,0,3.5,1,1,0,1,39.9,1.8251,1.2634,1.1366,9.0,14.0,1
40726,2,8,0,3,0,1,1,4.0,1,2,0,3.75,2,2,1,1,39.6,3.7092,1.9068,0.1074,.,.,0
40734,2,12,1,3,0,1,1,1.0,0,1,0,3.5,1,0,0,0,39.1,3.1735,2.1906,1.6927,6.0,18.0,1
40742,2,7,0,1,0,1,1,1.0,0,2,0,3.75,2,1,0,0,39.1,0.6129,0.6129,0.6129,.,.,0
40744,2,7,0,1,0,1,1,1.0,0,2,0,3.25,1,1,0,1,40.3,.,0.7718,1.5164,.,.,0
40758,2,5,1,2,0,1,1,1.0,0,2,1,3.5,1,1,0,0,39.1,0.8354,1.3685,0.8444,6.0,11.0,1
40759,2,7,0,1,0,1,1,3.0,1,2,0,3.25,1,1,0,0,39.3,1.4392,0.6628,-0.1675,.,.,0
40762,2,9,0,3,0,1,1,1.0,0,1,0,3.5,1,2,1,0,39.1,1.6480000000000001,1.3685,1.2281,3.0,12.0,1
40775,2,7,0,1,0,1,1,1.0,0,2,1,3.5,1,2,1,0,39.2,1.4755,0.8671,0.5886,9.0,16.0,1
40777,2,9,0,1,0,1,1,1.0,0,1,1,3.5,1,1,0,0,39.2,0.1271,0.1086,0.7317,12.0,21.0,1
40794,2,7,1,3,0,1,1,1.0,0,2,0,3.25,1,1,0,0,39.2,1.0397,1.1577,0.9557,3.0,10.0,1
40796,2,9,0,2,0,1,1,4.0,1,1,0,3.25,1,2,1,0,39.3,3.3778,3.5645,2.6878,.,.,0
40810,2,7,1,3,0,1,1,1.0,0,1,0,3.25,1,1,0,0,39.3,1.8841,2.4111,1.4059,9.0,16.0,1
40811,2,6,0,4,0,1,1,1.0,0,2,0,3.5,1,1,0,0,39.0,1.7797,2.3595,1.9414,9.0,15.0,1
40827,2,8,0,3,0,1,1,3.0,1,2,0,3.5,1,0,0,1,39.6,3.9089,2.6397,1.3166,9.0,17.0,1
40829,2,10,1,5,0,1,1,1.0,0,2,0,3.5,1,1,0,0,38.9,2.4834,1.1026,0.3292,3.0,13.0,1
40833,2,5,0,1,0,1,1,2.0,1,1,1,3.5,1,1,0,0,38.7,-2.3608,-3.7319,-3.4601,.,.,0
40835,2,9,0,1,0,1,1,1.0,0,2,1,3.5,1,0,0,1,39.6,12.8891,1.8316,1.7236,3.0,12.0,1
40851,2,7,1,2,0,1,1,3.0,1,1,1,3.0,0,2,1,1,39.5,3.0327,3.2202,2.7709,9.0,16.0,1
40871,2,7,0,2,0,1,1,1.0,0,1,0,3.25,1,2,1,0,39.4,2.8375,1.5657,1.0961,.,.,0
40903,2,7,1,1,0,1,1,1.0,0,1,0,3.0,0,1,0,1,39.6,.,.,0.0,9.0,16.0,1
40933,2,7,0,1,0,1,1,1.0,0,1,0,3.5,1,0,0,0,38.8,0.0,-1.7252,-2.043,12.0,19.0,1
40943,2,9,0,1,0,1,1,1.0,0,2,0,3.5,1,0,0,0,39.3,.,.,0.4086,6.0,15.0,1
40947,2,7,0,3,0,1,1,1.0,0,2,1,3.5,1,0,0,0,39.1,3.1735,2.0317,1.3484,6.0,13.0,1
40955,2,5,0,4,0,1,1,1.0,0,2,1,3.25,1,1,0,1,39.8,1.5027,1.5027,1.5027,.,.,0
40959,2,5,1,1,0,1,1,1.0,0,1,1,3.25,1,1,0,0,39.1,-6.1472,-1.7006,-0.1054,.,.,0
40960,2,9,1,4,0,1,1,3.0,1,1,1,3.25,1,1,0,0,39.1,1.9522,1.4804,1.4475,6.0,15.0,1
40961,2,9,1,1,0,1,1,1.0,0,2,0,3.75,2,2,1,0,39.3,12.9889,2.7577,1.1901,9.0,18.0,1
40963,2,5,1,1,0,1,1,1.0,0,2,1,3.0,0,2,1,0,39.3,.,.,-4.6762,.,.,0
40978,2,14,1,1,0,1,1,1.0,0,2,1,3.0,0,1,0,0,38.4,1.8886,1.7382,0.8641,3.0,17.0,1
40983,2,5,1,2,0,1,1,1.0,0,2,1,3.5,1,1,0,1,39.8,2.2246,1.9554,2.0369,12.0,17.0,1
40993,2,9,0,1,0,1,1,1.0,0,1,0,3.75,2,1,0,0,38.8,-0.0454,1.5845,0.6891,3.0,12.0,1
41005,2,9,1,3,0,1,1,3.0,1,2,0,3.5,1,1,0,1,40.2,1.2667,0.6242,0.4162,6.0,15.0,1
41007,2,7,0,1,0,1,1,1.0,0,2,0,3.25,1,1,0,0,38.9,7.2186,2.0339,2.0041,9.0,16.0,1
41014,2,9,0,1,0,1,1,1.0,0,1,1,3.25,1,0,0,1,39.6,1.5981,1.1713,1.1713,3.0,12.0,1
41017,2,9,0,2,0,1,1,1.0,0,1,0,3.5,1,1,0,0,38.2,2.4198,2.5294,1.4701,.,.,0
41020,2,7,0,4,0,1,1,1.0,0,2,0,3.75,2,0,0,0,39.4,2.8647,2.6381,1.9809999999999999,.,.,0
41028,2,6,0,1,0,1,1,1.0,0,2,1,3.5,1,2,1,1,39.6,0.0,-0.3178,2.1747,.,.,0
41037,2,9,1,3,0,1,1,1.0,0,1,0,3.25,1,2,1,0,38.9,2.2473,1.3685,1.3113,3.0,12.0,1
41049,2,5,0,1,0,1,1,2.0,1,2,0,3.5,1,2,1,0,39.3,2.3835,0.4037,-1.517,.,.,0
41063,2,9,1,2,0,1,1,1.0,0,2,1,3.25,1,2,1,0,39.2,2.1066,1.7576,2.0044,9.0,18.0,1
41075,2,9,0,4,0,1,1,2.0,1,2,1,3.25,1,2,1,1,39.9,0.9307,0.9307,0.9307,.,.,0
41102,2,5,0,2,0,1,1,3.0,1,1,1,3.5,1,1,0,1,39.7,-6.8554,-1.4573,-0.5189,.,.,0
41107,2,6,0,2,0,1,1,1.0,0,3,1,3.5,1,0,0,1,39.6,1.9613,2.0544,1.2493,12.0,18.0,1
41109,2,7,0,2,0,1,1,1.0,0,2,1,4.0,2,1,0,0,39.2,2.8602,2.2003,1.6904,.,.,0
41112,2,5,1,2,0,1,1,1.0,0,2,1,3.25,1,1,0,0,39.4,3.7864,2.89,1.7582,6.0,11.0,1
41116,2,9,1,3,0,1,1,1.0,0,2,0,3.25,1,1,0,1,39.5,4.2767,2.6835,1.6465,6.0,15.0,1
41119,2,7,1,4,0,1,1,1.0,0,2,1,3.25,1,1,0,0,38.5,0.0,6.5829999999999975,3.5911,9.0,16.0,1
41123,2,7,0,3,0,1,1,1.0,0,2,0,3.5,1,1,0,0,39.1,1.2757,0.2773,0.7347,6.0,13.0,1
41124,2,7,1,3,0,1,1,1.0,0,1,1,3.5,1,2,1,0,38.6,3.0645,2.6559,2.5719,3.0,10.0,1
41141,2,9,0,3,0,1,1,1.0,0,2,0,3.75,2,1,0,0,39.4,.,.,.,6.0,15.0,1
41147,2,5,0,3,0,1,1,1.0,0,1,1,3.25,1,0,0,0,39.2,1.1395,0.5221,0.5213,.,.,0
41149,2,7,0,3,0,1,1,1.0,0,2,1,3.25,1,2,1,1,40.3,1.1986,1.7787,0.1551,.,.,0
41157,2,7,0,3,0,1,1,4.0,1,2,1,3.5,1,2,1,1,40.1,3.9226,1.8679,0.9806,9.0,16.0,1
41164,2,5,0,2,0,1,1,1.0,0,1,0,3.25,1,1,0,0,38.8,2.8103,1.8274,1.7229,9.0,14.0,1
41168,2,7,1,2,0,1,1,1.0,0,2,1,3.5,1,2,1,1,39.5,1.7116,2.5359,1.6056,.,.,0
41173,2,5,0,2,0,1,1,1.0,0,1,0,3.5,1,2,1,0,38.9,2.0748,1.9992,1.2773,12.0,17.0,1
41175,2,7,0,2,0,1,1,1.0,0,1,0,3.75,2,2,1,1,39.5,1.3484,3.4326,1.8879,.,.,0
41183,2,9,0,3,0,1,1,3.0,1,1,1,3.75,2,2,1,0,39.3,1.4937,1.1107,1.1025,9.0,18.0,1
41200,2,7,0,1,0,1,1,1.0,0,1,1,3.75,2,2,1,1,39.8,-3.6002,-0.6797,-0.0438,3.0,10.0,1
41206,2,5,1,3,0,1,1,1.0,0,2,1,3.25,1,2,1,1,39.9,1.194,0.7507,0.9927,.,.,0
41210,2,8,0,3,0,1,1,1.0,0,2,1,3.75,2,0,0,0,38.6,-1.4165,-0.1544,0.3216,3.0,11.0,1
41221,2,7,0,2,0,1,1,3.0,1,1,1,4.0,2,0,0,0,38.7,1.3711,1.3619999999999999,0.1604,3.0,10.0,1
41224,2,7,1,3,0,1,1,1.0,0,1,0,3.75,2,2,1,1,39.6,1.0215,1.5177,1.8667,.,.,0
41230,2,9,1,4,0,1,1,1.0,0,2,1,3.5,1,1,0,0,38.8,0.0,0.0,3.0442,3.0,12.0,1
41237,2,7,1,2,0,1,1,1.0,0,2,0,3.5,1,2,1,0,38.6,2.6468,1.9279,2.1467,3.0,10.0,1
41244,2,6,1,2,0,1,1,1.0,0,1,0,3.25,1,1,0,0,38.6,3.7637,2.1565,1.5572,9.0,15.0,1
41248,2,7,1,4,0,1,1,2.0,1,1,0,3.75,2,1,0,0,39.1,1.4392,0.7945,1.2667,12.0,19.0,1
41253,2,5,1,3,0,1,1,1.0,0,1,1,3.25,1,2,1,0,38.9,3.2597,1.3134,1.1017,.,.,0
41256,2,7,1,3,0,1,1,1.0,0,2,0,3.25,1,0,0,0,39.2,1.6162,1.2453,1.6442,9.0,16.0,1
41266,2,7,1,4,0,1,1,3.0,1,2,0,3.75,2,0,0,1,39.5,1.8523,1.5177,0.8747,9.0,16.0,1
41267,2,7,1,3,0,1,1,1.0,0,2,0,3.5,1,1,0,0,38.9,2.7921,2.4354,1.9605,6.0,13.0,1
41283,2,9,0,4,0,1,1,1.0,0,1,0,3.5,1,2,1,1,39.5,0.5176,-0.1897,0.4472,.,.,0
41287,2,5,0,4,0,1,1,1.0,0,2,0,3.5,1,2,1,0,38.7,0.0,1.7252,1.1849,.,.,0
41293,2,5,1,4,0,1,1,4.0,1,2,0,3.25,1,2,1,1,39.6,.,0.0,6.5149,.,.,0
41318,2,7,1,5,0,1,1,1.0,0,2,0,3.5,1,1,0,1,40.9,3.4504,1.3977,1.2339,.,.,0
41326,2,7,0,4,0,1,1,2.0,1,1,0,3.5,1,1,0,0,38.8,2.892,2.892,2.892,9.0,16.0,1
41330,2,6,0,3,0,1,1,1.0,0,1,1,3.25,1,1,0,0,39.1,2.5061,3.6888,2.4501,.,.,0
41344,2,9,1,3,0,1,1,4.0,1,1,1,3.0,0,2,1,1,39.6,4.0633,0.861,0.252,9.0,18.0,1
41350,2,11,1,3,0,1,1,1.0,0,1,1,3.75,2,0,0,0,38.6,1.7388,-0.3087,0.0119,3.0,14.0,1
41372,2,9,0,3,0,1,1,2.0,1,4,0,3.5,1,1,0,0,39.3,1.6208,2.0689,2.0559,.,.,0
41375,2,9,1,3,0,1,1,1.0,0,1,1,3.5,1,1,0,1,39.5,2.1656,1.4804,1.5194,6.0,15.0,1
41386,2,8,0,3,0,1,1,1.0,0,1,0,3.25,1,1,0,0,39.2,2.7104,1.4998,1.4097,.,.,0
41404,2,9,1,4,0,1,1,1.0,0,2,0,3.5,1,1,0,1,39.7,-2.3154,-0.8535,0.9871,.,.,0
41418,2,7,0,4,0,1,1,4.0,1,1,0,3.5,1,2,1,1,39.7,2.8511,2.4224,1.7207,9.0,16.0,1
41419,2,7,1,6,1,1,1,1.0,0,1,0,3.0,0,1,0,1,39.5,4.6081,3.3337,1.9976,9.0,16.0,1
41426,2,9,1,3,0,1,1,1.0,0,2,1,3.0,0,2,1,0,39.4,1.9658,1.6587,1.045,.,.,0
41441,2,6,0,5,0,1,1,1.0,0,2,0,3.25,1,1,0,0,39.0,5.2437,2.7629,1.6405,6.0,12.0,1
41444,2,6,1,6,1,1,1,4.0,1,2,0,3.75,2,1,0,1,40.5,5.2709,1.2047,0.3995,9.0,15.0,1
41446,2,9,1,4,0,1,1,1.0,0,2,1,3.5,1,2,1,1,40.2,0.0,0.0,0.7069,6.0,15.0,1
41448,2,7,0,4,0,1,1,1.0,0,2,1,3.5,1,1,0,1,39.7,2.0385,1.3969999999999998,1.3969999999999998,6.0,13.0,1
41461,2,7,0,4,0,1,1,1.0,0,2,0,3.75,2,1,0,0,39.2,9.1027,9.1027,9.1027,6.0,13.0,1
41470,2,9,1,4,0,1,1,2.0,1,1,1,3.25,1,1,0,0,38.5,2.2745,1.9457,1.9457,6.0,15.0,1
41472,2,7,0,5,0,1,1,1.0,0,2,0,3.75,2,2,1,0,39.2,3.6547,2.0706,1.5043,6.0,13.0,1
41475,2,9,1,4,0,1,1,1.0,0,1,0,3.5,1,0,0,0,39.1,0.0,2.9737,0.74,6.0,15.0,1
41482,2,9,0,4,0,1,1,1.0,0,2,1,3.5,1,2,1,0,39.2,3.2597,1.5809,1.676,.,.,0
41491,2,7,1,4,0,1,1,1.0,0,2,0,3.75,2,1,0,1,39.5,0.0,4.7443,2.0475,6.0,13.0,1
41493,2,5,1,6,1,1,1,1.0,0,1,0,3.5,1,2,1,1,40.1,-0.0545,-0.7572,-0.6273,.,.,0
41498,2,5,0,4,0,1,1,3.0,1,1,1,3.75,2,2,1,0,39.4,2.3154,3.2477,1.8652,12.0,17.0,1
41516,2,5,0,5,0,1,1,2.0,1,1,0,3.75,2,1,0,1,39.6,2.6786,1.6636,1.6722,.,.,0
41547,2,6,1,4,0,1,1,1.0,0,1,1,3.5,1,1,0,0,39.2,2.7649,6.1452,2.8087,6.0,12.0,1
41550,2,5,1,4,0,1,1,1.0,0,1,1,3.75,2,2,1,1,39.6,3.2234,1.925,1.0701,.,.,0
41558,2,5,1,4,0,1,1,1.0,0,2,1,4.0,2,0,0,0,39.1,2.6196,1.722,1.722,9.0,14.0,1
41576,2,6,1,4,0,1,1,1.0,0,2,1,3.5,1,1,0,0,39.2,3.4776,2.8456,2.5439,.,.,0
41577,2,5,1,5,0,1,1,4.0,1,1,0,3.5,1,1,0,1,39.6,3.3168,1.9392,1.8636,6.0,11.0,1
41581,2,6,1,6,1,1,1,3.0,1,1,0,3.75,2,2,1,0,39.3,2.7467,2.2522,2.3949,12.0,18.0,1
41583,2,6,1,4,0,1,1,1.0,0,1,0,3.5,1,0,0,1,39.7,3.8817,2.8375,2.3343,9.0,15.0,1
41584,2,7,1,4,0,1,1,2.0,1,1,1,3.75,2,2,1,1,39.6,3.1689,0.4313,0.5335,12.0,19.0,1
41649,2,9,1,5,0,1,1,1.0,0,2,0,3.5,1,1,0,1,39.8,3.7273,1.6685,2.4341,6.0,15.0,1
41658,2,7,0,5,0,1,1,1.0,0,4,0,3.75,2,1,0,0,39.4,4.7942,2.9302,1.8927,.,.,0
41661,2,9,1,5,0,1,1,1.0,0,1,0,3.5,1,2,1,1,39.6,2.8965,2.2165,1.6314,6.0,15.0,1
41680,2,5,0,5,0,1,1,3.0,1,1,0,3.5,1,1,0,1,39.6,3.237,0.514,0.1718,9.0,14.0,1
41686,2,12,1,5,0,1,1,1.0,0,2,0,3.25,1,1,0,1,39.5,1.2213,0.6242,1.3938,6.0,18.0,1
41703,2,7,1,5,0,1,1,1.0,0,4,0,3.5,1,2,1,1,39.5,5.1892,2.9562,2.0954,6.0,13.0,1
41704,2,5,0,6,1,1,1,1.0,0,1,0,3.5,1,2,1,0,39.2,2.4788,2.4289,1.7721,.,.,0
41713,2,5,1,5,0,1,1,4.0,1,1,0,3.5,1,2,1,1,40.0,1.2394,2.4135,2.0521,.,.,0
41714,2,7,1,6,1,1,1,2.0,1,1,0,3.25,1,2,1,0,38.9,2.6105,3.0016,2.2911,3.0,10.0,1
41745,2,6,0,5,0,1,1,1.0,0,4,0,3.5,1,0,0,1,39.5,1.4165,0.8483,1.1855,3.0,9.0,1
41748,2,5,0,5,0,1,1,1.0,0,2,0,3.5,1,2,1,1,39.6,2.2382,2.0268,1.2901,12.0,17.0,1
41761,2,9,1,5,0,1,1,1.0,0,2,0,3.5,1,0,0,1,39.6,3.9816,2.6899,2.1451,6.0,15.0,1
41777,2,4,1,5,0,1,1,3.0,1,1,0,3.25,1,2,1,1,39.7,-5.8339,-4.7848,-2.7331,12.0,16.0,1
41865,2,7,1,6,1,1,1,1.0,0,2,0,3.5,1,1,0,0,39.3,3.0191,2.5229,2.8139999999999996,.,.,0
41908,2,4,1,6,1,1,1,1.0,0,2,0,3.75,2,1,0,1,39.9,1.2848,0.6243,0.7438,.,.,0
41973,2,5,0,5,0,1,1,1.0,0,2,0,3.5,1,1,0,1,39.6,0.3042,0.384,1.1669,12.0,17.0,1
